<?xml version="1.0" encoding="UTF-8"?><project xmlns="http://www.netbeans.org/ns/project/1">
    <type>com.microchip.mplab.nbide.embedded.makeproject</type>
    <configuration>
        <data xmlns="http://www.netbeans.org/ns/make-project/1">
            <name>RouterPic</name>
            <creation-uuid>8d7868f6-04b3-4997-8211-4d0f4b0d3f7c</creation-uuid>
            <make-project-type>0</make-project-type>
            <c-extensions/>
            <cpp-extensions>cpp</cpp-extensions>
            <header-extensions>h</header-extensions>
            <asminc-extensions/>
            <sourceEncoding>ISO-8859-1</sourceEncoding>
            <make-dep-projects/>
        </data>
    </configuration>
</project>
