<?xml version="1.0" encoding="UTF-8"?>
<project-private xmlns="http://www.netbeans.org/ns/project-private/1">
    <editor-bookmarks xmlns="http://www.netbeans.org/ns/editor-bookmarks/1"/>
    <editor-bookmarks xmlns="http://www.netbeans.org/ns/editor-bookmarks/2" lastBookmarkId="0"/>
    <open-files xmlns="http://www.netbeans.org/ns/projectui-open-files/2">
        <group>
            <file>file:/C:/Users/User/Desktop/EV2015%20Repo/trunk/BMM.X/UART.c</file>
            <file>file:/C:/Users/User/Desktop/EV2015%20Repo/trunk/BMM.X/Communications.c</file>
            <file>file:/C:/Users/User/Desktop/EV2015%20Repo/trunk/BMM.X/ADC.c</file>
            <file>file:/C:/Users/User/Desktop/EV2015%20Repo/trunk/BMM.X/UART.h</file>
        </group>
    </open-files>
</project-private>
