<eagle version="6.1"><drawing><settings><setting alwaysvectorfont="no" verticaltext="up"/></settings><grid distance="0.1" unitdist="inch" unit="inch" style="lines" multiple="1" display="no" altdistance="0.01" altunitdist="inch" altunit="inch"/><layers><layer number="91" name="Nets" color="2" fill="1" visible="yes" active="yes"/><layer number="92" name="Busses" color="1" fill="1" visible="yes" active="yes"/><layer number="93" name="Pins" color="2" fill="1" visible="no" active="yes"/><layer number="94" name="Symbols" color="4" fill="1" visible="yes" active="yes"/><layer number="95" name="Names" color="7" fill="1" visible="yes" active="yes"/><layer number="96" name="Values" color="7" fill="1" visible="yes" active="yes"/><layer number="97" name="Info" color="7" fill="1" visible="yes" active="yes"/><layer number="98" name="Guide" color="6" fill="1" visible="yes" active="yes"/></layers><schematic><libraries><library name="AcceleratedDesigns_Lib"><packages><package name="0603"><pad name="1" drill="0" y="0" x="-0.6985"/><pad name="2" drill="0" y="0" x="0.6985"/></package><package name="0805"><pad name="1" drill="0" y="0" x="-0.9017"/><pad name="2" drill="0" y="0" x="0.9017"/></package><package name="0402"><pad name="1" drill="0" y="0" x="-0.4191"/><pad name="2" drill="0" y="0" x="0.4191"/></package><package name="1005"><pad name="1" drill="0" y="0" x="-0.4191"/><pad name="2" drill="0" y="0" x="0.4191"/></package><package name="1608"><pad name="1" drill="0" y="0" x="-0.6985"/><pad name="2" drill="0" y="0" x="0.6985"/></package><package name="SM_RADIAL_H13"><pad name="1" drill="0" y="0" x="-4.9657"/><pad name="2" drill="0" y="0" x="4.9657"/></package><package name="0201"><pad name="1" drill="0" y="0" x="-0.2921"/><pad name="2" drill="0" y="0" x="0.2921"/></package><package name="CLF10040"><pad name="1" drill="0" y="0" x="-3.8989"/><pad name="2" drill="0" y="0" x="3.8989"/></package><package name="CLF10040-M"><pad name="1" drill="0" y="0" x="-3.7973"/><pad name="2" drill="0" y="0" x="3.7973"/></package><package name="CLF10040-L"><pad name="1" drill="0" y="0" x="-4.0132"/><pad name="2" drill="0" y="0" x="4.0132"/></package><package name="PowerDI123"><pad name="1" drill="0" y="0" x="-1.0033"/><pad name="2" drill="0" y="0" x="1.7272"/></package><package name="MUB10A"><pad name="1" drill="0" y="1" x="-2.1971"/><pad name="2" drill="0" y="0.5" x="-2.1971"/><pad name="3" drill="0" y="0" x="-2.1971"/><pad name="4" drill="0" y="-0.5" x="-2.1971"/><pad name="5" drill="0" y="-1" x="-2.1971"/><pad name="6" drill="0" y="-1" x="2.1971"/><pad name="7" drill="0" y="-0.5" x="2.1971"/><pad name="8" drill="0" y="0" x="2.1971"/><pad name="9" drill="0" y="0.5" x="2.1971"/><pad name="10" drill="0" y="1" x="2.1971"/></package><package name="WB_GND"><pad name="1" drill="0" y="0" x="0"/></package><package name="WB_BATTERY"><pad name="1" drill="0" y="0" x="0"/><pad name="2" drill="0" y="0" x="0"/></package><package name="WB_CURRENT_LOAD"><pad name="1" drill="0" y="0" x="0"/><pad name="2" drill="0" y="0" x="0"/></package></packages><symbols><symbol name="GRM1885C1H202JA01D@1"><pin name="1@1" x="7.62" y="0" rot="MR0" direction="pas" length="short" visible="off" swaplevel="0"/><pin name="2@2" x="-7.62" y="0" rot="MR180" direction="pas" length="short" visible="off" swaplevel="0"/><wire x1="7.62" y1="0" x2="5.08" y2="0" width="0.1524" layer="94"/><wire x1="-7.62" y1="0" x2="-5.08" y2="0" width="0.1524" layer="94"/><wire x1="0.762" y1="-3.048" x2="0.762" y2="3.048" width="0.1524" layer="94"/><wire x1="-5.08" y1="0" x2="-0.762" y2="0" width="0.1524" layer="94"/><wire x1="0.762" y1="0" x2="5.08" y2="0" width="0.1524" layer="94"/><wire x1="-0.762" y1="-3.048" x2="-0.762" y2="3.048" width="0.1524" layer="94"/><text size="2" x="0" y="7.62" layer="95" align="center">&gt;NAME</text><text size="2" x="0" y="5.08" layer="96" align="center">&gt;VALUE</text></symbol><symbol name="GRM21BR61C475KA88L@1"><pin name="1@1" x="7.62" y="0" rot="MR0" direction="pas" length="short" visible="off" swaplevel="0"/><pin name="2@2" x="-7.62" y="0" rot="MR180" direction="pas" length="short" visible="off" swaplevel="0"/><wire x1="7.62" y1="0" x2="5.08" y2="0" width="0.1524" layer="94"/><wire x1="-7.62" y1="0" x2="-5.08" y2="0" width="0.1524" layer="94"/><wire x1="0.762" y1="-3.048" x2="0.762" y2="3.048" width="0.1524" layer="94"/><wire x1="-5.08" y1="0" x2="-0.762" y2="0" width="0.1524" layer="94"/><wire x1="0.762" y1="0" x2="5.08" y2="0" width="0.1524" layer="94"/><wire x1="-0.762" y1="-3.048" x2="-0.762" y2="3.048" width="0.1524" layer="94"/><text size="2" x="0" y="7.62" layer="95" align="center">&gt;NAME</text><text size="2" x="0" y="5.08" layer="96" align="center">&gt;VALUE</text></symbol><symbol name="GRM033R71E102KA01D@1"><pin name="1@1" x="7.62" y="0" rot="MR0" direction="pas" length="short" visible="off" swaplevel="0"/><pin name="2@2" x="-7.62" y="0" rot="MR180" direction="pas" length="short" visible="off" swaplevel="0"/><wire x1="7.62" y1="0" x2="5.08" y2="0" width="0.1524" layer="94"/><wire x1="-7.62" y1="0" x2="-5.08" y2="0" width="0.1524" layer="94"/><wire x1="0.762" y1="-3.048" x2="0.762" y2="3.048" width="0.1524" layer="94"/><wire x1="-5.08" y1="0" x2="-0.762" y2="0" width="0.1524" layer="94"/><wire x1="0.762" y1="0" x2="5.08" y2="0" width="0.1524" layer="94"/><wire x1="-0.762" y1="-3.048" x2="-0.762" y2="3.048" width="0.1524" layer="94"/><text size="2" x="0" y="7.62" layer="95" align="center">&gt;NAME</text><text size="2" x="0" y="5.08" layer="96" align="center">&gt;VALUE</text></symbol><symbol name="ERJ-2BQFR62X@1"><pin name="1@1" x="7.62" y="0" rot="MR0" direction="pas" length="short" visible="off" swaplevel="0"/><pin name="2@2" x="-7.62" y="0" rot="MR180" direction="pas" length="short" visible="off" swaplevel="0"/><wire x1="7.62" y1="0" x2="5.08" y2="0" width="0.1524" layer="94"/><wire x1="5.08" y1="0" x2="3.81" y2="1.524" width="0.1524" layer="94"/><wire x1="3.81" y1="1.524" x2="1.905" y2="-1.524" width="0.1524" layer="94"/><wire x1="1.905" y1="-1.524" x2="0" y2="1.524" width="0.1524" layer="94"/><wire x1="0" y1="1.524" x2="-1.905" y2="-1.524" width="0.1524" layer="94"/><wire x1="-1.905" y1="-1.524" x2="-3.81" y2="1.524" width="0.1524" layer="94"/><wire x1="-3.81" y1="1.524" x2="-5.08" y2="0" width="0.1524" layer="94"/><wire x1="-5.08" y1="0" x2="-7.62" y2="0" width="0.1524" layer="94"/><text size="2" x="0" y="5.715" layer="95" align="center">&gt;NAME</text><text size="2" x="0" y="3.175" layer="96" align="center">&gt;VALUE</text></symbol><symbol name="C1005X7R1C103K@1"><pin name="1@1" x="7.62" y="0" rot="MR0" direction="pas" length="short" visible="off" swaplevel="0"/><pin name="2@2" x="-7.62" y="0" rot="MR180" direction="pas" length="short" visible="off" swaplevel="0"/><wire x1="7.62" y1="0" x2="5.08" y2="0" width="0.1524" layer="94"/><wire x1="-7.62" y1="0" x2="-5.08" y2="0" width="0.1524" layer="94"/><wire x1="0.762" y1="-3.048" x2="0.762" y2="3.048" width="0.1524" layer="94"/><wire x1="-5.08" y1="0" x2="-0.762" y2="0" width="0.1524" layer="94"/><wire x1="0.762" y1="0" x2="5.08" y2="0" width="0.1524" layer="94"/><wire x1="-0.762" y1="-3.048" x2="-0.762" y2="3.048" width="0.1524" layer="94"/><text size="2" x="0" y="7.62" layer="95" align="center">&gt;NAME</text><text size="2" x="0" y="5.08" layer="96" align="center">&gt;VALUE</text></symbol><symbol name="C1608X5R1C105K@1"><pin name="1@1" x="7.62" y="0" rot="MR0" direction="pas" length="short" visible="off" swaplevel="0"/><pin name="2@2" x="-7.62" y="0" rot="MR180" direction="pas" length="short" visible="off" swaplevel="0"/><wire x1="7.62" y1="0" x2="5.08" y2="0" width="0.1524" layer="94"/><wire x1="-7.62" y1="0" x2="-5.08" y2="0" width="0.1524" layer="94"/><wire x1="0.762" y1="-3.048" x2="0.762" y2="3.048" width="0.1524" layer="94"/><wire x1="-5.08" y1="0" x2="-0.762" y2="0" width="0.1524" layer="94"/><wire x1="0.762" y1="0" x2="5.08" y2="0" width="0.1524" layer="94"/><wire x1="-0.762" y1="-3.048" x2="-0.762" y2="3.048" width="0.1524" layer="94"/><text size="2" x="0" y="7.62" layer="95" align="center">&gt;NAME</text><text size="2" x="0" y="5.08" layer="96" align="center">&gt;VALUE</text></symbol><symbol name="EEV-FK2A470Q@1"><pin name="+@1" x="7.62" y="0" rot="MR0" direction="pas" length="short" visible="off" swaplevel="0"/><pin name="-@2" x="-7.62" y="0" rot="MR180" direction="pas" length="short" visible="off" swaplevel="0"/><wire cap="round" x1="-1.65118374267102" y1="-3.04778406157947" x2="-1.01624547146371" y2="-2.28585820024608" layer="94" curve="19.54907" width="0.1524"/><wire cap="round" x1="-1.00557718793605" y1="-2.29254192981191" x2="-0.368696405518769" y2="2.31582095509734E-04" layer="94" curve="33.19223" width="0.1524"/><wire cap="round" x1="-0.368696364008616" y1="-2.29363751071613E-04" x2="-1.00557836763086" y2="2.29254380893279" layer="94" curve="33.19223" width="0.1524"/><wire cap="round" x1="-1.01624552012866" y1="2.28585828443089" x2="-1.65118381670011" y2="3.0477841246275" layer="94" curve="19.54907" width="0.1524"/><wire x1="1.016" y1="-3.302" x2="1.016" y2="3.302" width="0.1524" layer="94"/><wire x1="-7.62" y1="0" x2="-0.508" y2="0" width="0.1524" layer="94"/><wire x1="1.016" y1="0" x2="7.62" y2="0" width="0.1524" layer="94"/><wire x1="3.556" y1="-2.54" x2="3.556" y2="-1.524" width="0.1524" layer="94"/><wire x1="3.048" y1="-2.032" x2="4.064" y2="-2.032" width="0.1524" layer="94"/><text size="2" x="0.239622655792055" y="8.04732659769323" layer="95" align="center">&gt;NAME</text><text size="2" x="-0.119811285048163" y="5.29166638458488" layer="96" align="center">&gt;VALUE</text></symbol><symbol name="C2012X7R2A104K@1"><pin name="1@1" x="7.62" y="0" rot="MR0" direction="pas" length="short" visible="off" swaplevel="0"/><pin name="2@2" x="-7.62" y="0" rot="MR180" direction="pas" length="short" visible="off" swaplevel="0"/><wire x1="7.62" y1="0" x2="5.08" y2="0" width="0.1524" layer="94"/><wire x1="-7.62" y1="0" x2="-5.08" y2="0" width="0.1524" layer="94"/><wire x1="0.762" y1="-3.048" x2="0.762" y2="3.048" width="0.1524" layer="94"/><wire x1="-5.08" y1="0" x2="-0.762" y2="0" width="0.1524" layer="94"/><wire x1="0.762" y1="0" x2="5.08" y2="0" width="0.1524" layer="94"/><wire x1="-0.762" y1="-3.048" x2="-0.762" y2="3.048" width="0.1524" layer="94"/><text size="2" x="0" y="7.62" layer="95" align="center">&gt;NAME</text><text size="2" x="0" y="5.08" layer="96" align="center">&gt;VALUE</text></symbol><symbol name="DFLS1100-7@1"><pin name="A@1" x="7.62" y="0" rot="MR0" direction="pas" length="short" visible="off" swaplevel="0"/><pin name="K@2" x="-7.62" y="0" rot="MR180" direction="pas" length="short" visible="off" swaplevel="0"/><wire x1="-7.62" y1="0" x2="7.62" y2="0" width="0.1524" layer="94"/><polygon width="0.1524" layer="94"><vertex x="2.032" y="2.54"/><vertex x="-2.032" y="0"/><vertex x="2.032" y="-2.54"/></polygon><wire x1="-2.794" y1="2.032" x2="-2.794" y2="2.54" width="0.1524" layer="94"/><wire x1="-2.794" y1="2.54" x2="-2.032" y2="2.54" width="0.1524" layer="94"/><wire x1="-2.032" y1="2.54" x2="-2.032" y2="-2.54" width="0.1524" layer="94"/><wire x1="-2.032" y1="-2.54" x2="-1.27" y2="-2.54" width="0.1524" layer="94"/><wire x1="-1.27" y1="-2.54" x2="-1.27" y2="-2.032" width="0.1524" layer="94"/><text size="2" x="0" y="10.16" layer="95" align="center">&gt;NAME</text><text size="2" x="0" y="7.62" layer="96" align="center">&gt;VALUE</text></symbol><symbol name="CLF10040T-151M@1"><pin name="@2" x="15.24" y="0" rot="MR0" direction="pas" length="short" visible="off" swaplevel="0"/><pin name="@1" x="0" y="0" rot="MR180" direction="pas" length="short" visible="off" swaplevel="1"/><wire cap="round" x1="7.62" y1="1.27" x2="5.08" y2="1.27" layer="94" curve="180" width="0.254"/><wire x1="5.08" y1="0" x2="5.08" y2="1.27" width="0.2032" layer="94"/><wire x1="7.62" y1="0" x2="7.62" y2="1.27" width="0.2032" layer="94"/><wire x1="12.7" y1="0" x2="12.7" y2="1.27" width="0.2032" layer="94"/><wire cap="round" x1="5.08" y1="1.27" x2="2.54" y2="1.27" layer="94" curve="180" width="0.254"/><wire cap="round" x1="10.16" y1="1.27" x2="7.62" y2="1.27" layer="94" curve="180" width="0.254"/><wire cap="round" x1="12.7" y1="1.27" x2="10.16" y2="1.27" layer="94" curve="180" width="0.254"/><wire x1="2.54" y1="0" x2="2.54" y2="1.27" width="0.2032" layer="94"/><wire x1="10.16" y1="0" x2="10.16" y2="1.27" width="0.2032" layer="94"/><text size="3" x="6.985" y="-2.54" layer="96" align="center">&gt;VALUE</text><text size="3" x="6.985" y="5.08" layer="95" align="center">&gt;NAME</text></symbol><symbol name="WB_GND@1"><pin name="1@1" x="0" y="2.54" rot="MR270" direction="pas" length="short" visible="off" swaplevel="0"/><wire x1="0" y1="2.54" x2="0" y2="0" width="0.1524" layer="94"/><wire x1="-3.302" y1="0" x2="3.302" y2="0" width="0.1524" layer="94"/><wire x1="-2.286" y1="-1.016" x2="2.286" y2="-1.016" width="0.1524" layer="94"/><wire x1="-0.762" y1="-2.032" x2="0.762" y2="-2.032" width="0.1524" layer="94"/></symbol><symbol name="CRCW04023K32FKED@1"><pin name="1@1" x="7.62" y="0" rot="MR0" direction="pas" length="short" visible="off" swaplevel="0"/><pin name="2@2" x="-7.62" y="0" rot="MR180" direction="pas" length="short" visible="off" swaplevel="0"/><wire x1="7.62" y1="0" x2="5.08" y2="0" width="0.1524" layer="94"/><wire x1="5.08" y1="0" x2="3.81" y2="1.524" width="0.1524" layer="94"/><wire x1="3.81" y1="1.524" x2="1.905" y2="-1.524" width="0.1524" layer="94"/><wire x1="1.905" y1="-1.524" x2="0" y2="1.524" width="0.1524" layer="94"/><wire x1="0" y1="1.524" x2="-1.905" y2="-1.524" width="0.1524" layer="94"/><wire x1="-1.905" y1="-1.524" x2="-3.81" y2="1.524" width="0.1524" layer="94"/><wire x1="-3.81" y1="1.524" x2="-5.08" y2="0" width="0.1524" layer="94"/><wire x1="-5.08" y1="0" x2="-7.62" y2="0" width="0.1524" layer="94"/><text size="2" x="0" y="5.715" layer="95" align="center">&gt;NAME</text><text size="2" x="0" y="3.175" layer="96" align="center">&gt;VALUE</text></symbol><symbol name="CRCW040210K0FKED@1"><pin name="1@1" x="7.62" y="0" rot="MR0" direction="pas" length="short" visible="off" swaplevel="0"/><pin name="2@2" x="-7.62" y="0" rot="MR180" direction="pas" length="short" visible="off" swaplevel="0"/><wire x1="7.62" y1="0" x2="5.08" y2="0" width="0.1524" layer="94"/><wire x1="5.08" y1="0" x2="3.81" y2="1.524" width="0.1524" layer="94"/><wire x1="3.81" y1="1.524" x2="1.905" y2="-1.524" width="0.1524" layer="94"/><wire x1="1.905" y1="-1.524" x2="0" y2="1.524" width="0.1524" layer="94"/><wire x1="0" y1="1.524" x2="-1.905" y2="-1.524" width="0.1524" layer="94"/><wire x1="-1.905" y1="-1.524" x2="-3.81" y2="1.524" width="0.1524" layer="94"/><wire x1="-3.81" y1="1.524" x2="-5.08" y2="0" width="0.1524" layer="94"/><wire x1="-5.08" y1="0" x2="-7.62" y2="0" width="0.1524" layer="94"/><text size="2" x="0" y="5.715" layer="95" align="center">&gt;NAME</text><text size="2" x="0" y="3.175" layer="96" align="center">&gt;VALUE</text></symbol><symbol name="CRCW0402178KFKED@1"><pin name="1@1" x="7.62" y="0" rot="MR0" direction="pas" length="short" visible="off" swaplevel="0"/><pin name="2@2" x="-7.62" y="0" rot="MR180" direction="pas" length="short" visible="off" swaplevel="0"/><wire x1="7.62" y1="0" x2="5.08" y2="0" width="0.1524" layer="94"/><wire x1="5.08" y1="0" x2="3.81" y2="1.524" width="0.1524" layer="94"/><wire x1="3.81" y1="1.524" x2="1.905" y2="-1.524" width="0.1524" layer="94"/><wire x1="1.905" y1="-1.524" x2="0" y2="1.524" width="0.1524" layer="94"/><wire x1="0" y1="1.524" x2="-1.905" y2="-1.524" width="0.1524" layer="94"/><wire x1="-1.905" y1="-1.524" x2="-3.81" y2="1.524" width="0.1524" layer="94"/><wire x1="-3.81" y1="1.524" x2="-5.08" y2="0" width="0.1524" layer="94"/><wire x1="-5.08" y1="0" x2="-7.62" y2="0" width="0.1524" layer="94"/><text size="2" x="0" y="5.715" layer="95" align="center">&gt;NAME</text><text size="2" x="0" y="3.175" layer="96" align="center">&gt;VALUE</text></symbol><symbol name="CRCW040293K1FKED@1"><pin name="1@1" x="7.62" y="0" rot="MR0" direction="pas" length="short" visible="off" swaplevel="0"/><pin name="2@2" x="-7.62" y="0" rot="MR180" direction="pas" length="short" visible="off" swaplevel="0"/><wire x1="7.62" y1="0" x2="5.08" y2="0" width="0.1524" layer="94"/><wire x1="5.08" y1="0" x2="3.81" y2="1.524" width="0.1524" layer="94"/><wire x1="3.81" y1="1.524" x2="1.905" y2="-1.524" width="0.1524" layer="94"/><wire x1="1.905" y1="-1.524" x2="0" y2="1.524" width="0.1524" layer="94"/><wire x1="0" y1="1.524" x2="-1.905" y2="-1.524" width="0.1524" layer="94"/><wire x1="-1.905" y1="-1.524" x2="-3.81" y2="1.524" width="0.1524" layer="94"/><wire x1="-3.81" y1="1.524" x2="-5.08" y2="0" width="0.1524" layer="94"/><wire x1="-5.08" y1="0" x2="-7.62" y2="0" width="0.1524" layer="94"/><text size="2" x="0" y="5.715" layer="95" align="center">&gt;NAME</text><text size="2" x="0" y="3.175" layer="96" align="center">&gt;VALUE</text></symbol><symbol name="CRCW0402200KFKED@1"><pin name="1@1" x="7.62" y="0" rot="MR0" direction="pas" length="short" visible="off" swaplevel="0"/><pin name="2@2" x="-7.62" y="0" rot="MR180" direction="pas" length="short" visible="off" swaplevel="0"/><wire x1="7.62" y1="0" x2="5.08" y2="0" width="0.1524" layer="94"/><wire x1="5.08" y1="0" x2="3.81" y2="1.524" width="0.1524" layer="94"/><wire x1="3.81" y1="1.524" x2="1.905" y2="-1.524" width="0.1524" layer="94"/><wire x1="1.905" y1="-1.524" x2="0" y2="1.524" width="0.1524" layer="94"/><wire x1="0" y1="1.524" x2="-1.905" y2="-1.524" width="0.1524" layer="94"/><wire x1="-1.905" y1="-1.524" x2="-3.81" y2="1.524" width="0.1524" layer="94"/><wire x1="-3.81" y1="1.524" x2="-5.08" y2="0" width="0.1524" layer="94"/><wire x1="-5.08" y1="0" x2="-7.62" y2="0" width="0.1524" layer="94"/><text size="2" x="0" y="5.715" layer="95" align="center">&gt;NAME</text><text size="2" x="0" y="3.175" layer="96" align="center">&gt;VALUE</text></symbol><symbol name="CRCW0402100KFKED@1"><pin name="1@1" x="7.62" y="0" rot="MR0" direction="pas" length="short" visible="off" swaplevel="0"/><pin name="2@2" x="-7.62" y="0" rot="MR180" direction="pas" length="short" visible="off" swaplevel="0"/><wire x1="7.62" y1="0" x2="5.08" y2="0" width="0.1524" layer="94"/><wire x1="5.08" y1="0" x2="3.81" y2="1.524" width="0.1524" layer="94"/><wire x1="3.81" y1="1.524" x2="1.905" y2="-1.524" width="0.1524" layer="94"/><wire x1="1.905" y1="-1.524" x2="0" y2="1.524" width="0.1524" layer="94"/><wire x1="0" y1="1.524" x2="-1.905" y2="-1.524" width="0.1524" layer="94"/><wire x1="-1.905" y1="-1.524" x2="-3.81" y2="1.524" width="0.1524" layer="94"/><wire x1="-3.81" y1="1.524" x2="-5.08" y2="0" width="0.1524" layer="94"/><wire x1="-5.08" y1="0" x2="-7.62" y2="0" width="0.1524" layer="94"/><text size="2" x="0" y="5.715" layer="95" align="center">&gt;NAME</text><text size="2" x="0" y="3.175" layer="96" align="center">&gt;VALUE</text></symbol><symbol name="LM34923MM/NOPB@1"><pin name="VIN@1" x="-25.4" y="33.02" rot="MR180" direction="pas" length="short" visible="both" swaplevel="0"/><pin name="RT_SD@2" x="-25.4" y="10.16" rot="MR180" direction="pas" length="short" visible="both" swaplevel="0"/><pin name="UV@3" x="-25.4" y="-5.08" rot="MR180" direction="pas" length="short" visible="both" swaplevel="0"/><pin name="UVO@4" x="25.4" y="15.24" rot="MR0" direction="pas" length="short" visible="both" swaplevel="0"/><pin name="VCC@5" x="25.4" y="33.02" rot="MR0" direction="pas" length="short" visible="both" swaplevel="0"/><pin name="BST@6" x="25.4" y="10.16" rot="MR0" direction="pas" length="short" visible="both" swaplevel="0"/><pin name="SW@7" x="25.4" y="-5.08" rot="MR0" direction="pas" length="short" visible="both" swaplevel="0"/><pin name="RTN@9" x="-25.4" y="-33.02" rot="MR180" direction="pas" length="short" visible="both" swaplevel="0"/><pin name="FB@10" x="25.4" y="-33.02" rot="MR0" direction="pas" length="short" visible="both" swaplevel="0"/><wire x1="-22.86" y1="40.64" x2="22.86" y2="40.64" width="0.1524" layer="94"/><wire x1="22.86" y1="40.64" x2="22.86" y2="-40.64" width="0.1524" layer="94"/><wire x1="22.86" y1="-40.64" x2="-22.86" y2="-40.64" width="0.1524" layer="94"/><wire x1="-22.86" y1="-40.64" x2="-22.86" y2="40.64" width="0.1524" layer="94"/><wire x1="-25.4" y1="33.02" x2="-22.86" y2="33.02" width="0.1524" layer="94"/><wire x1="-25.4" y1="10.16" x2="-22.86" y2="10.16" width="0.1524" layer="94"/><wire x1="-25.4" y1="-5.08" x2="-22.86" y2="-5.08" width="0.1524" layer="94"/><wire x1="25.4" y1="15.24" x2="22.86" y2="15.24" width="0.1524" layer="94"/><wire x1="25.4" y1="33.02" x2="22.86" y2="33.02" width="0.1524" layer="94"/><wire x1="25.4" y1="10.16" x2="22.86" y2="10.16" width="0.1524" layer="94"/><wire x1="25.4" y1="-5.08" x2="22.86" y2="-5.08" width="0.1524" layer="94"/><wire x1="-25.4" y1="-33.02" x2="-22.86" y2="-33.02" width="0.1524" layer="94"/><wire x1="25.4" y1="-33.02" x2="22.86" y2="-33.02" width="0.1524" layer="94"/><text size="2" x="0.152281252921926" y="8.29932828424498" layer="95" align="center">&gt;NAME</text><text size="2" x="-0.152281252921926" y="-5.25370322580644" layer="96" align="center">&gt;VALUE</text><pin name="NC@8" x="-25.4" y="-33.02" rot="MR180" direction="pas" length="short" visible="off" swaplevel="0"/></symbol><symbol name="WB_BATTERY@1"><pin name="+@1" x="-7.62" y="0" rot="MR180" direction="pas" length="short" visible="off" swaplevel="0"/><pin name="-@2" x="7.62" y="0" rot="MR0" direction="pas" length="short" visible="off" swaplevel="0"/><wire x1="-2.032" y1="0" x2="-7.62" y2="0" width="0.1524" layer="94"/><wire x1="-1.778" y1="-3.048" x2="-1.778" y2="3.048" width="0.1524" layer="94"/><wire x1="1.016" y1="-3.048" x2="1.016" y2="3.048" width="0.1524" layer="94"/><wire x1="7.62" y1="0" x2="2.794" y2="0" width="0.1524" layer="94"/><wire x1="-0.508" y1="-1.27" x2="-0.508" y2="1.27" width="0.1524" layer="94"/><wire x1="-0.254" y1="-1.27" x2="-0.254" y2="1.27" width="0.1524" layer="94"/><wire x1="-3.556" y1="2.286" x2="-3.556" y2="3.81" width="0.1524" layer="94"/><wire x1="-2.794" y1="3.048" x2="-4.318" y2="3.048" width="0.1524" layer="94"/><wire x1="3.302" y1="2.54" x2="3.302" y2="3.81" width="0.1524" layer="94"/><wire x1="2.54" y1="-1.27" x2="2.54" y2="1.27" width="0.1524" layer="94"/><wire x1="2.286" y1="-1.27" x2="2.286" y2="1.27" width="0.1524" layer="94"/><text size="2" x="0" y="5.08" layer="95" align="center">&gt;NAME</text></symbol><symbol name="WB_CURRENT_LOAD@1"><pin name="+@1" x="-7.62" y="0" rot="MR180" direction="pas" length="short" visible="off" swaplevel="0"/><pin name="-@2" x="7.62" y="0" rot="MR0" direction="pas" length="short" visible="off" swaplevel="0"/><wire cap="round" x1="-3.80144541893069" y1="6.11111003035249E-05" x2="-2.68631595182662" y2="-2.68638598005626" layer="94" curve="44.25835" width="0.1524"/><wire cap="round" x1="-2.7008340002096" y1="-2.70084492188432" x2="-3.01024553176602E-05" y2="-3.82193519093877" layer="94" curve="44.8182" width="0.1524"/><wire cap="round" x1="-1.47901228405677E-05" y1="-3.81607473385618" x2="2.69671339012067" y2="-2.69667753776659" layer="94" curve="45.38076" width="0.1524"/><wire cap="round" x1="2.69020543466835" y1="-2.69018253944063" x2="3.80688023502889" y2="-1.58895406142952E-05" layer="94" curve="45.58721" width="0.1524"/><wire cap="round" x1="3.80144542387741" y1="-6.17958751984628E-05" x2="2.68631643327033" y2="2.68638549307261" layer="94" curve="44.25835" width="0.1524"/><wire cap="round" x1="2.70083237377049" y1="2.70084654561062" x2="2.78042467919219E-05" y2="3.82193519631281" layer="94" curve="44.8182" width="0.1524"/><wire cap="round" x1="1.57980194586999E-05" y1="3.81607473126472" x2="-2.69671268033746" y2="2.69667825335733" layer="94" curve="45.38076" width="0.1524"/><wire cap="round" x1="-2.69020543466835" y1="2.69018253944063" x2="-3.80688023502889" y2="1.58895406171744E-05" layer="94" curve="45.58721" width="0.1524"/><wire x1="7.62" y1="0" x2="3.81" y2="0" width="0.1524" layer="94"/><wire x1="-3.81" y1="0" x2="-7.62" y2="0" width="0.1524" layer="94"/><wire x1="0.762" y1="-1.778" x2="3.048" y2="0" width="0.1524" layer="94"/><wire x1="0.762" y1="1.778" x2="3.048" y2="0" width="0.1524" layer="94"/><wire x1="3.048" y1="0" x2="-3.048" y2="0" width="0.1524" layer="94"/></symbol></symbols><devicesets><deviceset name="GRM1885C1H202JA01D" prefix=""><gates><gate name="1" addlevel="always" y="0" x="0" symbol="GRM1885C1H202JA01D@1"/></gates><devices><device name="GRM1885C1H202JA01D" package="0603"><connects><connect pad="1" pin="1@1" gate="1"/><connect pad="2" pin="2@2" gate="1"/></connects><technologies><technology name=""><attribute name="Cap" value="2.0E-9" constant="no"/><attribute name="ESR" value="0.0" constant="no"/><attribute name="IRMS" value="0.0" constant="no"/><attribute name="VDC" value="50.0" constant="no"/><attribute name="Manufacturer_Part_Number" value="GRM1885C1H202JA01D" constant="no"/><attribute name="Vendor" value="MuRata" constant="no"/><attribute name="Manufacturer_Name" value="MuRata" constant="no"/></technology></technologies></device></devices></deviceset><deviceset name="GRM21BR61C475KA88L" prefix=""><gates><gate name="1" addlevel="always" y="0" x="0" symbol="GRM21BR61C475KA88L@1"/></gates><devices><device name="GRM21BR61C475KA88L" package="0805"><connects><connect pad="1" pin="1@1" gate="1"/><connect pad="2" pin="2@2" gate="1"/></connects><technologies><technology name=""><attribute name="Cap" value="4.7E-6" constant="no"/><attribute name="ESR" value="0.0050" constant="no"/><attribute name="IRMS" value="0.0" constant="no"/><attribute name="VDC" value="16.0" constant="no"/><attribute name="Manufacturer_Part_Number" value="GRM21BR61C475KA88L" constant="no"/><attribute name="Vendor" value="MuRata" constant="no"/><attribute name="Manufacturer_Name" value="MuRata" constant="no"/></technology></technologies></device></devices></deviceset><deviceset name="GRM033R71E102KA01D" prefix=""><gates><gate name="1" addlevel="always" y="0" x="0" symbol="GRM033R71E102KA01D@1"/></gates><devices><device name="GRM033R71E102KA01D" package="0201"><connects><connect pad="1" pin="1@1" gate="1"/><connect pad="2" pin="2@2" gate="1"/></connects><technologies><technology name=""><attribute name="Cap" value="1.0E-9" constant="no"/><attribute name="ESR" value="0.0" constant="no"/><attribute name="IRMS" value="0.0" constant="no"/><attribute name="VDC" value="25.0" constant="no"/><attribute name="Manufacturer_Part_Number" value="GRM033R71E102KA01D" constant="no"/><attribute name="Vendor" value="MuRata" constant="no"/><attribute name="Manufacturer_Name" value="MuRata" constant="no"/></technology></technologies></device></devices></deviceset><deviceset name="ERJ-2BQFR62X" prefix=""><gates><gate name="1" addlevel="always" y="0" x="0" symbol="ERJ-2BQFR62X@1"/></gates><devices><device name="ERJ-2BQFR62X" package="0402"><connects><connect pad="1" pin="1@1" gate="1"/><connect pad="2" pin="2@2" gate="1"/></connects><technologies><technology name=""><attribute name="Resistance" value="0.62" constant="no"/><attribute name="Power" value="0.125" constant="no"/><attribute name="Tolerance" value="1.0" constant="no"/><attribute name="Manufacturer_Part_Number" value="ERJ-2BQFR62X" constant="no"/><attribute name="Vendor" value="Panasonic" constant="no"/><attribute name="Manufacturer_Name" value="Panasonic" constant="no"/></technology></technologies></device></devices></deviceset><deviceset name="C1005X7R1C103K" prefix=""><gates><gate name="1" addlevel="always" y="0" x="0" symbol="C1005X7R1C103K@1"/></gates><devices><device name="C1005X7R1C103K" package="1005"><connects><connect pad="1" pin="1@1" gate="1"/><connect pad="2" pin="2@2" gate="1"/></connects><technologies><technology name=""><attribute name="Datasheet_URL" value="http://www.tdk.co.jp/tefe02/e1688%5Fc.pdf" constant="no"/><attribute name="Cap" value="1.0E-8" constant="no"/><attribute name="ESR" value="0.072227" constant="no"/><attribute name="IRMS" value="0.0" constant="no"/><attribute name="VDC" value="16.0" constant="no"/><attribute name="Manufacturer_Part_Number" value="C1005X7R1C103K" constant="no"/><attribute name="Vendor" value="TDK" constant="no"/><attribute name="Manufacturer_Name" value="TDK" constant="no"/></technology></technologies></device></devices></deviceset><deviceset name="C1608X5R1C105K" prefix=""><gates><gate name="1" addlevel="always" y="0" x="0" symbol="C1608X5R1C105K@1"/></gates><devices><device name="C1608X5R1C105K" package="1608"><connects><connect pad="1" pin="1@1" gate="1"/><connect pad="2" pin="2@2" gate="1"/></connects><technologies><technology name=""><attribute name="Datasheet_URL" value="http://www.tdk.co.jp/tefe02/e2442%5Fc.pdf" constant="no"/><attribute name="Cap" value="1.0E-6" constant="no"/><attribute name="ESR" value="0.005713" constant="no"/><attribute name="IRMS" value="0.0" constant="no"/><attribute name="VDC" value="16.0" constant="no"/><attribute name="Manufacturer_Part_Number" value="C1608X5R1C105K" constant="no"/><attribute name="Vendor" value="TDK" constant="no"/><attribute name="Manufacturer_Name" value="TDK" constant="no"/></technology></technologies></device></devices></deviceset><deviceset name="EEV-FK2A470Q" prefix=""><gates><gate name="1" addlevel="always" y="0" x="0" symbol="EEV-FK2A470Q@1"/></gates><devices><device name="EEV-FK2A470Q" package="SM_RADIAL_H13"><connects><connect pad="1" pin="+@1" gate="1"/><connect pad="2" pin="-@2" gate="1"/></connects><technologies><technology name=""><attribute name="Datasheet_URL" value="http://www.panasonic.com/industrial/components/pdf/smt%5Faec%5F050505.pdf" constant="no"/><attribute name="Cap" value="4.7E-5" constant="no"/><attribute name="ESR" value="0.32" constant="no"/><attribute name="IRMS" value="0.5" constant="no"/><attribute name="VDC" value="100.0" constant="no"/><attribute name="Manufacturer_Part_Number" value="EEV-FK2A470Q" constant="no"/><attribute name="Vendor" value="Panasonic" constant="no"/><attribute name="Manufacturer_Name" value="Panasonic" constant="no"/></technology></technologies></device></devices></deviceset><deviceset name="C2012X7R2A104K" prefix=""><gates><gate name="1" addlevel="always" y="0" x="0" symbol="C2012X7R2A104K@1"/></gates><devices><device name="C2012X7R2A104K" package="0805"><connects><connect pad="1" pin="1@1" gate="1"/><connect pad="2" pin="2@2" gate="1"/></connects><technologies><technology name=""><attribute name="Datasheet_URL" value="http://www.tdk.co.jp/tefe02/e3555%5Fc.pdf" constant="no"/><attribute name="Cap" value="1.0E-7" constant="no"/><attribute name="ESR" value="0.015726" constant="no"/><attribute name="IRMS" value="0.0" constant="no"/><attribute name="VDC" value="100.0" constant="no"/><attribute name="Manufacturer_Part_Number" value="C2012X7R2A104K" constant="no"/><attribute name="Vendor" value="TDK" constant="no"/><attribute name="Manufacturer_Name" value="TDK" constant="no"/></technology></technologies></device></devices></deviceset><deviceset name="DFLS1100-7" prefix=""><gates><gate name="1" addlevel="always" y="0" x="0" symbol="DFLS1100-7@1"/></gates><devices><device name="DFLS1100-7" package="PowerDI123"><connects><connect pad="2" pin="A@1" gate="1"/><connect pad="1" pin="K@2" gate="1"/></connects><technologies><technology name=""><attribute name="Datasheet_URL" value="http://www.diodes.com/datasheets/ds30497.pdf" constant="no"/><attribute name="Io" value="1.0" constant="no"/><attribute name="VRRM" value="100.0" constant="no"/><attribute name="VFatIo" value="0.77" constant="no"/><attribute name="Manufacturer_Part_Number" value="DFLS1100-7" constant="no"/><attribute name="Vendor" value="Diodes Inc." constant="no"/><attribute name="Manufacturer_Name" value="Diodes Inc." constant="no"/></technology></technologies></device></devices></deviceset><deviceset name="CLF10040T-151M" prefix="L"><gates><gate name="1" addlevel="always" y="0" x="0" symbol="CLF10040T-151M@1"/></gates><devices><device name="CLF10040T-151M" package="CLF10040"><connects><connect pad="2" pin="@1" gate="1"/><connect pad="1" pin="@2" gate="1"/></connects><technologies><technology name=""><attribute name="Vendor" value="Gimme a name" constant="no"/><attribute name="Manufacturer_Part_Number" value="'CLF10040T-151M'" constant="no"/><attribute name="Manufacturer_Name" value="TDK" constant="no"/></technology></technologies></device></devices></deviceset><deviceset name="WB_GND" prefix=""><gates><gate name="1" addlevel="always" y="0" x="0" symbol="WB_GND@1"/></gates><devices><device name="WB_GND" package="WB_GND"><connects><connect pad="1" pin="1@1" gate="1"/></connects><technologies><technology name=""><attribute name="Value" value="Value" constant="no"/><attribute name="Manufacturer_Part_Number" value="WB_GND" constant="no"/><attribute name="Manufacturer_Name" value="WB_GND" constant="no"/><attribute name="PowerPortType" value="POWER_GROUND" constant="no"/></technology></technologies></device></devices></deviceset><deviceset name="CRCW04023K32FKED" prefix=""><gates><gate name="1" addlevel="always" y="0" x="0" symbol="CRCW04023K32FKED@1"/></gates><devices><device name="CRCW04023K32FKED" package="0402"><connects><connect pad="1" pin="1@1" gate="1"/><connect pad="2" pin="2@2" gate="1"/></connects><technologies><technology name=""><attribute name="Resistance" value="3320.0" constant="no"/><attribute name="Power" value="0.063" constant="no"/><attribute name="Tolerance" value="1.0" constant="no"/><attribute name="Manufacturer_Part_Number" value="CRCW04023K32FKED" constant="no"/><attribute name="Vendor" value="Vishay-Dale" constant="no"/><attribute name="Manufacturer_Name" value="Vishay-Dale" constant="no"/></technology></technologies></device></devices></deviceset><deviceset name="CRCW040210K0FKED" prefix=""><gates><gate name="1" addlevel="always" y="0" x="0" symbol="CRCW040210K0FKED@1"/></gates><devices><device name="CRCW040210K0FKED" package="0402"><connects><connect pad="1" pin="1@1" gate="1"/><connect pad="2" pin="2@2" gate="1"/></connects><technologies><technology name=""><attribute name="Resistance" value="10000.0" constant="no"/><attribute name="Power" value="0.063" constant="no"/><attribute name="Tolerance" value="1.0" constant="no"/><attribute name="Manufacturer_Part_Number" value="CRCW040210K0FKED" constant="no"/><attribute name="Vendor" value="Vishay-Dale" constant="no"/><attribute name="Manufacturer_Name" value="Vishay-Dale" constant="no"/></technology></technologies></device></devices></deviceset><deviceset name="CRCW0402178KFKED" prefix=""><gates><gate name="1" addlevel="always" y="0" x="0" symbol="CRCW0402178KFKED@1"/></gates><devices><device name="CRCW0402178KFKED" package="0402"><connects><connect pad="1" pin="1@1" gate="1"/><connect pad="2" pin="2@2" gate="1"/></connects><technologies><technology name=""><attribute name="Resistance" value="178000.0" constant="no"/><attribute name="Power" value="0.063" constant="no"/><attribute name="Tolerance" value="1.0" constant="no"/><attribute name="Manufacturer_Part_Number" value="CRCW0402178KFKED" constant="no"/><attribute name="Vendor" value="Vishay-Dale" constant="no"/><attribute name="Manufacturer_Name" value="Vishay-Dale" constant="no"/></technology></technologies></device></devices></deviceset><deviceset name="CRCW040293K1FKED" prefix=""><gates><gate name="1" addlevel="always" y="0" x="0" symbol="CRCW040293K1FKED@1"/></gates><devices><device name="CRCW040293K1FKED" package="0402"><connects><connect pad="1" pin="1@1" gate="1"/><connect pad="2" pin="2@2" gate="1"/></connects><technologies><technology name=""><attribute name="Resistance" value="93100.0" constant="no"/><attribute name="Power" value="0.063" constant="no"/><attribute name="Tolerance" value="1.0" constant="no"/><attribute name="Manufacturer_Part_Number" value="CRCW040293K1FKED" constant="no"/><attribute name="Vendor" value="Vishay-Dale" constant="no"/><attribute name="Manufacturer_Name" value="Vishay-Dale" constant="no"/></technology></technologies></device></devices></deviceset><deviceset name="CRCW0402200KFKED" prefix=""><gates><gate name="1" addlevel="always" y="0" x="0" symbol="CRCW0402200KFKED@1"/></gates><devices><device name="CRCW0402200KFKED" package="0402"><connects><connect pad="1" pin="1@1" gate="1"/><connect pad="2" pin="2@2" gate="1"/></connects><technologies><technology name=""><attribute name="Resistance" value="200000.0" constant="no"/><attribute name="Power" value="0.063" constant="no"/><attribute name="Tolerance" value="1.0" constant="no"/><attribute name="Manufacturer_Part_Number" value="CRCW0402200KFKED" constant="no"/><attribute name="Vendor" value="Vishay-Dale" constant="no"/><attribute name="Manufacturer_Name" value="Vishay-Dale" constant="no"/></technology></technologies></device></devices></deviceset><deviceset name="CRCW0402100KFKED" prefix=""><gates><gate name="1" addlevel="always" y="0" x="0" symbol="CRCW0402100KFKED@1"/></gates><devices><device name="CRCW0402100KFKED" package="0402"><connects><connect pad="1" pin="1@1" gate="1"/><connect pad="2" pin="2@2" gate="1"/></connects><technologies><technology name=""><attribute name="Resistance" value="100000.0" constant="no"/><attribute name="Power" value="0.063" constant="no"/><attribute name="Tolerance" value="1.0" constant="no"/><attribute name="Manufacturer_Part_Number" value="CRCW0402100KFKED" constant="no"/><attribute name="Vendor" value="Vishay-Dale" constant="no"/><attribute name="Manufacturer_Name" value="Vishay-Dale" constant="no"/></technology></technologies></device></devices></deviceset><deviceset name="LM34923MM/NOPB" prefix=""><gates><gate name="1" addlevel="always" y="0" x="0" symbol="LM34923MM/NOPB@1"/></gates><devices><device name="LM34923MM/NOPB" package="MUB10A"><connects><connect pad="10" pin="VIN@1" gate="1"/><connect pad="8" pin="RT_SD@2" gate="1"/><connect pad="5" pin="UV@3" gate="1"/><connect pad="6" pin="UVO@4" gate="1"/><connect pad="9" pin="VCC@5" gate="1"/><connect pad="2" pin="BST@6" gate="1"/><connect pad="1" pin="SW@7" gate="1"/><connect pad="3" pin="NC@8" gate="1"/><connect pad="4" pin="RTN@9" gate="1"/><connect pad="7" pin="FB@10" gate="1"/></connects><technologies><technology name=""><attribute name="Datasheet_URL" value="http://www.ti.com/product/lm34923" constant="no"/><attribute name="Frequency" value="800000.0" constant="no"/><attribute name="Imax" value="0.6" constant="no"/><attribute name="Package" value="NA" constant="no"/><attribute name="Mktg_Package" value="NA" constant="no"/><attribute name="NSID" value="LM34923MM/NOPB" constant="no"/><attribute name="Manufacturer_Part_Number" value="LM34923MM/NOPB" constant="no"/><attribute name="Vendor" value="Texas Instruments" constant="no"/><attribute name="Manufacturer_Name" value="Texas Instruments" constant="no"/></technology></technologies></device></devices></deviceset><deviceset name="WB_BATTERY" prefix=""><gates><gate name="1" addlevel="always" y="0" x="0" symbol="WB_BATTERY@1"/></gates><devices><device name="WB_BATTERY" package="WB_BATTERY"><connects><connect pad="1" pin="+@1" gate="1"/><connect pad="2" pin="-@2" gate="1"/></connects><technologies><technology name=""><attribute name="Value" value="Value" constant="no"/><attribute name="Manufacturer_Part_Number" value="WB_BATTERY" constant="no"/><attribute name="Manufacturer_Name" value="WB_BATTERY" constant="no"/><attribute name="PowerPortType" value="POWER_GROUND" constant="no"/></technology></technologies></device></devices></deviceset><deviceset name="WB_CURRENT_LOAD" prefix=""><gates><gate name="1" addlevel="always" y="0" x="0" symbol="WB_CURRENT_LOAD@1"/></gates><devices><device name="WB_CURRENT_LOAD" package="WB_CURRENT_LOAD"><connects><connect pad="1" pin="+@1" gate="1"/><connect pad="2" pin="-@2" gate="1"/></connects><technologies><technology name=""><attribute name="Value" value="Value" constant="no"/><attribute name="Manufacturer_Part_Number" value="WB_CURRENT_LOAD" constant="no"/><attribute name="Manufacturer_Name" value="WB_CURRENT_LOAD" constant="no"/><attribute name="PowerPortType" value="POWER_GROUND" constant="no"/></technology></technologies></device></devices></deviceset></devicesets></library></libraries><attributes/><variantdefs/><classes><class number="0" name="default" width="0" drill="0"/></classes><parts><part name="CFF" library="AcceleratedDesigns_Lib" device="GRM1885C1H202JA01D" deviceset="GRM1885C1H202JA01D" value="2nF"/><part name="COUT" library="AcceleratedDesigns_Lib" device="GRM21BR61C475KA88L" deviceset="GRM21BR61C475KA88L" value="4.7uF"/><part name="GND9999" library="AcceleratedDesigns_Lib" device="WB_GND" deviceset="WB_GND" value="WB_GND"/><part name="RSERIES" library="AcceleratedDesigns_Lib" device="ERJ-2BQFR62X" deviceset="ERJ-2BQFR62X" value="620m"/><part name="CB" library="AcceleratedDesigns_Lib" device="C1005X7R1C103K" deviceset="C1005X7R1C103K" value="10nF"/><part name="CBYP" library="AcceleratedDesigns_Lib" device="C1608X5R1C105K" deviceset="C1608X5R1C105K" value="1uF"/><part name="CIN" library="AcceleratedDesigns_Lib" device="EEV-FK2A470Q" deviceset="EEV-FK2A470Q" value="47uF"/><part name="CINX" library="AcceleratedDesigns_Lib" device="C2012X7R2A104K" deviceset="C2012X7R2A104K" value="100nF"/><part name="CUV" library="AcceleratedDesigns_Lib" device="GRM033R71E102KA01D" deviceset="GRM033R71E102KA01D" value="1nF"/><part name="GND" library="AcceleratedDesigns_Lib" device="WB_GND" deviceset="WB_GND" value="WB_GND"/><part name="GND1" library="AcceleratedDesigns_Lib" device="WB_GND" deviceset="WB_GND" value="WB_GND"/><part name="GND2" library="AcceleratedDesigns_Lib" device="WB_GND" deviceset="WB_GND" value="WB_GND"/><part name="L1" library="AcceleratedDesigns_Lib" device="CLF10040T-151M" deviceset="CLF10040T-151M" value="150uH"/><part name="D1" library="AcceleratedDesigns_Lib" device="DFLS1100-7" deviceset="DFLS1100-7" value="770mV"/><part name="GND_5" library="AcceleratedDesigns_Lib" device="WB_GND" deviceset="WB_GND" value="WB_GND"/><part name="RFBB" library="AcceleratedDesigns_Lib" device="CRCW04023K32FKED" deviceset="CRCW04023K32FKED" value="3.32k"/><part name="RFBT" library="AcceleratedDesigns_Lib" device="CRCW040210K0FKED" deviceset="CRCW040210K0FKED" value="10k"/><part name="RON" library="AcceleratedDesigns_Lib" device="CRCW0402178KFKED" deviceset="CRCW0402178KFKED" value="178k"/><part name="RUV1" library="AcceleratedDesigns_Lib" device="CRCW040293K1FKED" deviceset="CRCW040293K1FKED" value="93.1k"/><part name="RUV2" library="AcceleratedDesigns_Lib" device="CRCW0402200KFKED" deviceset="CRCW0402200KFKED" value="200k"/><part name="RUVO" library="AcceleratedDesigns_Lib" device="CRCW0402100KFKED" deviceset="CRCW0402100KFKED" value="100k"/><part name="U1" library="AcceleratedDesigns_Lib" device="LM34923MM/NOPB" deviceset="LM34923MM/NOPB" value="LM34923MM/NOPB"/><part name="VIN" library="AcceleratedDesigns_Lib" device="WB_BATTERY" deviceset="WB_BATTERY" value="WB_BATTERY"/><part name="IOUT" library="AcceleratedDesigns_Lib" device="WB_CURRENT_LOAD" deviceset="WB_CURRENT_LOAD" value="WB_CURRENT_LOAD"/></parts><sheets><sheet><plain/><instances><instance part="Cff" gate="1" x="245.11" y="73.66" rot="R90" smashed="yes"><attribute name="NAME" x="248.158" y="77.978" size="2" layer="95" rot="R0" align="bottom-left"/><attribute name="VALUE" x="248.158" y="73.406" size="2" layer="96" rot="R0" align="bottom-left"/></instance><instance part="Cout" gate="1" x="285.75" y="73.66" rot="R90" smashed="yes"><attribute name="NAME" x="288.798" y="77.978" size="2" layer="95" rot="R0" align="bottom-left"/><attribute name="VALUE" x="288.798" y="73.406" size="2" layer="96" rot="R0" align="bottom-left"/></instance><instance part="GND9999" gate="1" x="285.75" y="48.26" rot="R0" smashed="yes"><attribute name="NAME" x="285.75" y="53.848" size="2" layer="95" display="off" rot="R0" align="bottom-center"/></instance><instance part="Rseries" gate="1" x="285.75" y="58.42" rot="R90" smashed="yes"><attribute name="NAME" x="287.274" y="61.214" size="2" layer="95" rot="R0" align="bottom-left"/><attribute name="VALUE" x="287.274" y="56.642" size="2" layer="96" rot="R0" align="bottom-left"/></instance><instance part="Cb" gate="1" x="161.29" y="93.98" rot="R90" smashed="yes"><attribute name="NAME" x="164.338" y="98.298" size="2" layer="95" rot="R0" align="bottom-left"/><attribute name="VALUE" x="164.338" y="93.726" size="2" layer="96" rot="R0" align="bottom-left"/></instance><instance part="Cbyp" gate="1" x="194.31" y="124.46" rot="R180" smashed="yes"><attribute name="NAME" x="194.31" y="130.556" size="2" layer="95" rot="R0" align="bottom-center"/><attribute name="VALUE" x="194.31" y="117.602" size="2" layer="96" rot="R0" align="bottom-center"/></instance><instance part="Cin" gate="1" x="52.07" y="86.36" rot="R90" smashed="yes"><attribute name="NAME" x="55.372" y="90.932" size="2" layer="95" rot="R0" align="bottom-left"/><attribute name="VALUE" x="55.372" y="86.36" size="2" layer="96" rot="R0" align="bottom-left"/></instance><instance part="Cinx" gate="1" x="95.25" y="116.84" rot="R90" smashed="yes"><attribute name="NAME" x="98.298" y="121.158" size="2" layer="95" rot="R0" align="bottom-left"/><attribute name="VALUE" x="98.298" y="116.586" size="2" layer="96" rot="R0" align="bottom-left"/></instance><instance part="Cuv" gate="1" x="87.63" y="76.2" rot="R90" smashed="yes"><attribute name="NAME" x="90.678" y="80.518" size="2" layer="95" rot="R0" align="bottom-left"/><attribute name="VALUE" x="90.678" y="75.946" size="2" layer="96" rot="R0" align="bottom-left"/></instance><instance part="GND" gate="1" x="166.37" y="27.94" rot="R0" smashed="yes"><attribute name="NAME" x="166.37" y="33.528" size="2" layer="95" display="off" rot="R0" align="bottom-center"/></instance><instance part="GND1" gate="1" x="209.55" y="121.92" rot="R0" smashed="yes"><attribute name="NAME" x="209.55" y="127.508" size="2" layer="95" display="off" rot="R0" align="bottom-center"/></instance><instance part="GND2" gate="1" x="95.25" y="106.68" rot="R0" smashed="yes"><attribute name="NAME" x="95.25" y="112.268" size="2" layer="95" display="off" rot="R0" align="bottom-center"/></instance><instance part="L1" gate="1" x="204.47" y="86.36" rot="R0" smashed="yes"><attribute name="NAME" x="204.47" y="90.678" size="2" layer="95" rot="R0" align="bottom-center"/><attribute name="VALUE" x="204.47" y="81.28" size="2" layer="96" rot="R0" align="bottom-center"/></instance><instance part="D1" gate="1" x="168.91" y="73.66" rot="R270" smashed="yes"><attribute name="NAME" x="171.45" y="77.47" size="2" layer="95" rot="R0" align="bottom-left"/><attribute name="VALUE" x="171.45" y="72.898" size="2" layer="96" rot="R0" align="bottom-left"/></instance><instance part="GND_5" gate="1" x="168.91" y="63.5" rot="R0" smashed="yes"><attribute name="NAME" x="168.91" y="69.088" size="2" layer="95" display="off" rot="R0" align="bottom-center"/></instance><instance part="Rfbb" gate="1" x="262.89" y="43.18" rot="R90" smashed="yes"><attribute name="NAME" x="264.414" y="45.974" size="2" layer="95" rot="R0" align="bottom-left"/><attribute name="VALUE" x="264.414" y="41.402" size="2" layer="96" rot="R0" align="bottom-left"/></instance><instance part="Rfbt" gate="1" x="262.89" y="73.66" rot="R90" smashed="yes"><attribute name="NAME" x="264.414" y="76.454" size="2" layer="95" rot="R0" align="bottom-left"/><attribute name="VALUE" x="264.414" y="71.882" size="2" layer="96" rot="R0" align="bottom-left"/></instance><instance part="Ron" gate="1" x="80.01" y="109.22" rot="R90" smashed="yes"><attribute name="NAME" x="81.534" y="112.014" size="2" layer="95" rot="R0" align="bottom-left"/><attribute name="VALUE" x="81.534" y="107.442" size="2" layer="96" rot="R0" align="bottom-left"/></instance><instance part="Ruv1" gate="1" x="67.31" y="76.2" rot="R90" smashed="yes"><attribute name="NAME" x="68.834" y="78.994" size="2" layer="95" rot="R0" align="bottom-left"/><attribute name="VALUE" x="68.834" y="74.422" size="2" layer="96" rot="R0" align="bottom-left"/></instance><instance part="Ruv2" gate="1" x="67.31" y="96.52" rot="R90" smashed="yes"><attribute name="NAME" x="68.834" y="99.314" size="2" layer="95" rot="R0" align="bottom-left"/><attribute name="VALUE" x="68.834" y="94.742" size="2" layer="96" rot="R0" align="bottom-left"/></instance><instance part="Ruvo" gate="1" x="166.37" y="114.3" rot="R90" smashed="yes"><attribute name="NAME" x="167.894" y="117.094" size="2" layer="95" rot="R0" align="bottom-left"/><attribute name="VALUE" x="167.894" y="112.522" size="2" layer="96" rot="R0" align="bottom-left"/></instance><instance part="U1" gate="1" x="128.27" y="91.44" rot="R0" smashed="yes"><attribute name="NAME" x="128.27" y="91.44" size="2" layer="95" rot="R0" align="bottom-center"/><attribute name="TYPE" x="128.27" y="87.63" size="2" layer="96" rot="R0" align="bottom-center"/></instance><instance part="Vin" gate="1" x="29.21" y="93.98" rot="R270" smashed="yes"><attribute name="NAME" x="33.02" y="99.06" size="2" layer="95" rot="R0" align="bottom-left"/></instance><instance part="Iout" gate="1" x="321.31" y="63.5" rot="R270" smashed="yes"><attribute name="NAME" x="325.374" y="68.834" size="2" layer="95" rot="R0" align="bottom-left"/></instance></instances><busses/><nets><net name="6" class="0"><segment><pinref part="Cff" pin="1@1" gate="1"/><pinref part="Cout" pin="1@1" gate="1"/><pinref part="L1" pin="@1" gate="1"/><pinref part="Rfbt" pin="1@1" gate="1"/><pinref part="Iout" pin="+@1" gate="1"/><wire x1="245.11" y1="81.28" x2="245.11" y2="86.36" width="0" layer="91"/><wire x1="285.75" y1="81.28" x2="285.75" y2="86.36" width="0" layer="91"/><wire x1="262.89" y1="81.28" x2="262.89" y2="86.36" width="0" layer="91"/><wire x1="321.31" y1="71.12" x2="321.31" y2="86.36" width="0" layer="91"/><wire x1="321.31" y1="86.36" x2="212.09" y2="86.36" width="0" layer="91"/></segment></net><net name="3" class="0"><segment><pinref part="Cff" pin="2@2" gate="1"/><pinref part="Rfbb" pin="1@1" gate="1"/><pinref part="Rfbt" pin="2@2" gate="1"/><pinref part="U1" pin="FB@10" gate="1"/><wire x1="245.11" y1="60.96" x2="245.11" y2="66.04" width="0" layer="91"/><wire x1="153.67" y1="58.42" x2="181.61" y2="58.42" width="0" layer="91"/><wire x1="181.61" y1="60.96" x2="181.61" y2="58.42" width="0" layer="91"/><wire x1="262.89" y1="50.8" x2="262.89" y2="66.04" width="0" layer="91"/><wire x1="262.89" y1="60.96" x2="181.61" y2="60.96" width="0" layer="91"/></segment></net><net name="10" class="0"><segment><pinref part="Cout" pin="2@2" gate="1"/><pinref part="Rseries" pin="1@1" gate="1"/><wire x1="285.75" y1="66.04" x2="285.75" y2="66.04" width="0" layer="91"/></segment></net><net name="0" class="0"><segment><pinref part="GND9999" pin="1@1" gate="1"/><pinref part="Rseries" pin="2@2" gate="1"/><pinref part="Cbyp" pin="2@2" gate="1"/><pinref part="Cin" pin="-@2" gate="1"/><pinref part="Cinx" pin="2@2" gate="1"/><pinref part="Cuv" pin="2@2" gate="1"/><pinref part="GND" pin="1@1" gate="1"/><pinref part="GND1" pin="1@1" gate="1"/><pinref part="GND2" pin="1@1" gate="1"/><pinref part="D1" pin="A@1" gate="1"/><pinref part="GND_5" pin="1@1" gate="1"/><pinref part="Rfbb" pin="2@2" gate="1"/><pinref part="Ruv1" pin="2@2" gate="1"/><pinref part="U1" pin="NC@8" gate="1"/><pinref part="U1" pin="RTN@9" gate="1"/><pinref part="Vin" pin="-@2" gate="1"/><pinref part="Iout" pin="-@2" gate="1"/><wire x1="52.07" y1="58.42" x2="52.07" y2="78.74" width="0" layer="91"/><wire x1="67.31" y1="68.58" x2="67.31" y2="58.42" width="0" layer="91"/><wire x1="87.63" y1="68.58" x2="87.63" y2="58.42" width="0" layer="91"/><wire x1="97.79" y1="58.42" x2="97.79" y2="30.48" width="0" layer="91"/><wire x1="209.55" y1="124.46" x2="201.93" y2="124.46" width="0" layer="91"/><wire x1="262.89" y1="30.48" x2="262.89" y2="35.56" width="0" layer="91"/><wire x1="29.21" y1="86.36" x2="29.21" y2="58.42" width="0" layer="91"/><wire x1="29.21" y1="58.42" x2="102.87" y2="58.42" width="0" layer="91"/><wire x1="321.31" y1="55.88" x2="321.31" y2="30.48" width="0" layer="91"/><wire x1="97.79" y1="30.48" x2="321.31" y2="30.48" width="0" layer="91"/><wire x1="285.75" y1="50.8" x2="285.75" y2="50.8" width="0" layer="91"/><wire x1="95.25" y1="109.22" x2="95.25" y2="109.22" width="0" layer="91"/><wire x1="168.91" y1="66.04" x2="168.91" y2="66.04" width="0" layer="91"/></segment></net><net name="8" class="0"><segment><pinref part="Cb" pin="1@1" gate="1"/><pinref part="U1" pin="BST@6" gate="1"/><wire x1="161.29" y1="101.6" x2="153.67" y2="101.6" width="0" layer="91"/></segment></net><net name="4" class="0"><segment><pinref part="Cb" pin="2@2" gate="1"/><pinref part="L1" pin="@2" gate="1"/><pinref part="D1" pin="K@2" gate="1"/><pinref part="U1" pin="SW@7" gate="1"/><wire x1="168.91" y1="81.28" x2="168.91" y2="86.36" width="0" layer="91"/><wire x1="153.67" y1="86.36" x2="196.85" y2="86.36" width="0" layer="91"/></segment></net><net name="5" class="0"><segment><pinref part="Cbyp" pin="1@1" gate="1"/><pinref part="Ruvo" pin="1@1" gate="1"/><pinref part="U1" pin="VCC@5" gate="1"/><wire x1="166.37" y1="121.92" x2="166.37" y2="124.46" width="0" layer="91"/><wire x1="186.69" y1="124.46" x2="153.67" y2="124.46" width="0" layer="91"/></segment></net><net name="2" class="0"><segment><pinref part="Cin" pin="+@1" gate="1"/><pinref part="Cinx" pin="1@1" gate="1"/><pinref part="Ron" pin="1@1" gate="1"/><pinref part="Ruv2" pin="1@1" gate="1"/><pinref part="U1" pin="VIN@1" gate="1"/><pinref part="Vin" pin="+@1" gate="1"/><wire x1="52.07" y1="93.98" x2="52.07" y2="114.3" width="0" layer="91"/><wire x1="67.31" y1="104.14" x2="67.31" y2="124.46" width="0" layer="91"/><wire x1="80.01" y1="124.46" x2="80.01" y2="116.84" width="0" layer="91"/><wire x1="102.87" y1="124.46" x2="67.31" y2="124.46" width="0" layer="91"/><wire x1="29.21" y1="101.6" x2="29.21" y2="114.3" width="0" layer="91"/><wire x1="29.21" y1="114.3" x2="67.31" y2="114.3" width="0" layer="91"/></segment></net><net name="1" class="0"><segment><pinref part="Cuv" pin="1@1" gate="1"/><pinref part="Ruv1" pin="1@1" gate="1"/><pinref part="Ruv2" pin="2@2" gate="1"/><pinref part="U1" pin="UV@3" gate="1"/><wire x1="67.31" y1="83.82" x2="67.31" y2="88.9" width="0" layer="91"/><wire x1="87.63" y1="83.82" x2="87.63" y2="86.36" width="0" layer="91"/><wire x1="102.87" y1="86.36" x2="67.31" y2="86.36" width="0" layer="91"/></segment></net><net name="7" class="0"><segment><pinref part="Ron" pin="2@2" gate="1"/><pinref part="U1" pin="RT_SD@2" gate="1"/><wire x1="102.87" y1="101.6" x2="80.01" y2="101.6" width="0" layer="91"/></segment></net><net name="9" class="0"><segment><pinref part="Ruvo" pin="2@2" gate="1"/><pinref part="U1" pin="UVO@4" gate="1"/><wire x1="166.37" y1="106.68" x2="153.67" y2="106.68" width="0" layer="91"/></segment></net></nets></sheet></sheets></schematic></drawing></eagle>
